"year","total_emissions_mtco2e"
2019,55351069.403092
2020,44766242.647955
2021,48536750.367453
2022,48700634.698723
2023,43986148.780987
